SECCIO_CENSAL;HOMES;DONES;EDAT_0_A_14;EDAT_15_A_24;EDAT_25_A_64;EDAT_65_A_MES;NACIONALS;COMUNITARIS;ESTRANGERS
01001;702;569;135;111;814;211;707;148;416
01002;904;681;160;199;998;228;702;183;700
01003;1925;1567;735;357;1982;418;1917;215;1360
01004;1583;1322;395;313;1894;303;1621;307;977
01005;1397;1111;297;239;1616;356;1311;307;890
01006;919;724;155;183;1097;208;742;251;650
01007;1268;819;273;210;1459;145;988;206;893
01008;2041;1309;465;387;2112;386;1439;249;1662
01009;1187;964;294;230;1342;285;1095;173;883
01010;1412;1084;356;305;1607;228;1029;180;1287
01011;1805;1397;462;329;2125;286;1414;245;1543
01012;978;921;249;170;1244;236;1064;165;670
01013;676;735;183;110;874;244;860;89;462
01014;1061;943;231;187;1359;227;1113;151;740
01015;1228;1108;289;232;1535;280;1188;183;965
01016;1115;1069;278;210;1467;229;1067;157;960
01017;1327;1280;360;261;1733;253;1240;213;1154
01018;860;781;189;172;1048;232;885;139;617
01019;1522;1309;300;295;1908;328;1335;315;1181
01020;993;1117;163;174;1407;366;1312;399;399
01021;1019;1017;153;171;1395;317;1210;325;501
01022;595;668;98;120;833;212;779;253;231
01023;959;1031;166;168;1349;307;1260;329;401
01025;643;615;105;106;882;165;709;281;268
01026;1519;1085;255;269;1818;262;1282;479;843
01027;838;802;125;157;1101;257;930;366;344
01028;922;950;166;174;1299;233;1012;397;463
01029;716;674;86;133;988;183;654;389;347
01030;1277;1194;216;249;1569;437;1411;477;583
01031;905;711;135;149;1144;188;750;365;501
01032;885;888;115;129;1177;352;1101;363;309
01033;605;537;86;103;765;188;723;175;244
01034;477;496;65;90;633;185;628;183;162
01035;659;654;95;100;884;234;793;256;264
01036;569;630;106;145;707;241;943;108;148
01037;702;781;174;133;882;294;1130;152;201
01038;779;689;118;114;1029;207;824;302;342
01039;664;634;116;115;815;252;908;174;216
01040;544;552;93;86;713;204;669;215;212
01041;767;729;117;126;1099;154;799;355;342
01042;827;974;179;143;962;517;1446;165;190
01043;764;743;157;93;1075;182;958;315;234
01044;702;795;173;110;1013;201;936;314;247
01045;1016;972;132;131;1434;291;1132;494;362
01046;855;872;138;140;1223;226;954;403;370
01047;884;925;139;166;1230;274;1001;366;442
01048;1077;1074;225;165;1468;293;1276;373;502
01049;729;801;196;157;957;220;898;271;361
01050;819;784;160;126;1086;231;920;275;408
01051;925;956;205;174;1330;172;986;347;548
01052;1368;1218;263;425;1566;332;1413;492;681
01053;935;984;162;165;1235;357;1235;317;367
01054;683;651;108;109;922;195;766;262;306
01055;629;694;153;97;739;334;1005;170;148
02001;606;673;186;100;762;231;947;104;228
02002;1220;1087;248;171;1413;475;1585;214;508
02003;557;735;114;191;643;344;1034;86;172
02004;737;761;170;140;881;307;1089;150;259
02005;963;1132;251;160;1174;510;1754;115;226
02006;771;865;209;119;926;382;1277;152;207
02007;552;704;124;98;706;328;1012;123;121
02008;861;1036;221;184;1078;414;1532;167;198
02009;812;966;220;150;1048;360;1383;130;265
02010;547;655;151;95;704;252;990;93;119
02011;539;576;117;118;625;255;979;65;71
02012;761;826;169;138;977;303;1237;106;244
02013;549;599;140;89;717;202;895;113;140
02014;672;670;173;96;863;210;965;175;202
02015;756;820;164;131;946;335;1197;148;231
02016;874;1044;201;147;1146;424;1567;140;211
02017;930;1065;249;188;1164;394;1559;173;263
02018;874;995;229;154;995;491;1560;119;190
02019;901;1016;203;159;1122;433;1565;113;239
02020;635;770;141;121;885;258;1072;127;206
02021;680;801;140;108;871;362;1180;131;170
02022;620;668;145;129;738;276;1044;54;190
02023;531;602;94;107;665;267;974;49;110
02024;501;606;88;111;688;220;849;64;194
02025;558;637;120;94;700;281;960;95;140
02026;996;1168;250;194;1255;465;1722;135;307
02027;893;1057;202;143;1140;465;1657;96;197
02028;950;1115;214;203;1212;436;1650;114;301
02029;541;634;140;88;688;259;976;83;116
02030;614;695;175;102;771;261;1032;69;208
02031;500;559;137;72;571;279;942;31;86
02032;504;725;125;83;651;370;1058;74;97
02033;538;650;128;83;697;280;982;78;128
02034;558;660;108;103;739;268;884;67;267
02035;621;707;122;109;737;360;1096;73;159
02036;540;657;129;125;682;261;1016;63;118
02037;591;640;131;116;729;255;1090;62;79
02038;774;868;168;195;1004;275;1417;79;146
02039;753;983;180;147;1011;398;1402;100;234
02040;780;890;175;112;1064;319;1243;116;311
02041;752;930;151;119;975;437;1387;91;204
02042;760;909;161;134;910;464;1500;50;119
02043;664;779;177;136;844;286;1251;58;134
02044;546;709;125;115;693;322;992;54;209
02045;536;636;129;89;652;302;980;62;130
02046;868;1006;205;180;1060;429;1525;98;251
02047;899;1006;192;168;1081;464;1559;100;246
02048;566;683;135;113;746;255;961;71;217
02049;928;1137;171;153;1251;490;1503;177;385
02050;746;901;155;131;1019;342;1255;132;260
02051;857;1049;181;136;1182;407;1405;167;334
02052;820;1005;194;152;1124;355;1405;165;255
02053;848;994;228;150;1090;374;1489;134;219
02054;849;1023;229;138;1081;424;1524;131;217
02055;870;996;191;169;1090;416;1509;125;232
02056;629;820;165;104;841;339;1154;158;137
02057;612;694;186;107;693;320;1100;115;91
02058;627;757;169;110;757;348;1200;91;93
02059;742;918;202;139;949;370;1363;164;133
02060;786;929;234;142;945;394;1408;121;186
02061;594;741;136;100;838;261;1027;137;171
02062;718;840;210;109;947;292;1236;179;143
02063;475;745;138;106;579;397;1034;107;79
02064;629;722;162;119;761;309;1110;120;121
02065;887;1014;225;170;1165;341;1476;213;212
02066;834;957;182;143;1011;455;1532;109;150
02067;803;923;203;118;1134;271;1262;211;253
02068;768;907;194;137;1022;322;1298;177;200
02069;664;751;180;130;804;301;1120;142;153
02070;607;707;180;114;747;273;1081;116;117
02071;811;884;228;182;977;308;1420;160;115
02072;587;630;158;130;693;236;1027;107;83
02073;820;906;218;173;1027;308;1323;256;147
02074;639;631;185;108;748;229;922;188;160
02075;595;641;151;120;727;238;926;183;127
02076;783;878;236;166;957;302;1277;190;194
02077;778;752;149;148;925;308;1067;195;268
02078;666;792;152;147;834;325;1053;160;245
02079;627;694;153;119;740;309;989;145;187
02080;704;779;175;140;816;352;1188;155;140
02081;982;1171;217;218;1186;532;1672;218;263
02082;431;521;99;86;530;237;761;94;97
02083;841;1033;252;182;1026;414;1401;205;268
02084;900;1116;252;162;1185;417;1607;179;230
02085;664;815;186;123;871;299;1156;156;167
02086;671;801;208;137;870;257;1186;152;134
02087;647;793;175;111;848;306;1193;92;155
02088;743;909;188;148;961;355;1327;170;155
02089;910;1028;216;175;1205;342;1496;217;225
02090;779;892;171;142;1028;330;1237;185;249
02091;904;929;181;156;1174;322;1339;201;293
02092;1052;908;135;166;1304;355;1298;246;416
02093;779;827;161;155;937;353;1256;153;197
02094;680;757;109;120;873;335;1160;109;168
02095;733;798;146;135;922;328;1186;114;231
02096;669;739;109;122;850;327;1091;140;177
02097;520;596;130;95;678;213;842;99;175
02098;679;849;128;143;951;306;1173;135;220
02099;726;829;164;162;899;330;1238;113;204
02100;669;763;138;121;864;309;1184;89;159
02101;992;1180;250;174;1217;531;1736;147;289
02102;635;812;180;148;767;352;1258;48;141
02103;793;915;162;139;1018;389;1325;108;275
02104;518;642;136;83;664;277;997;52;111
02105;928;1138;225;167;1209;465;1643;144;279
02106;692;755;196;92;833;326;1182;88;177
02107;738;899;209;139;855;434;1432;100;105
02108;709;924;212;129;830;462;1432;71;130
02109;923;1114;240;189;1072;536;1771;108;158
02110;908;1031;251;177;1136;375;1522;133;284
02111;801;973;190;146;1031;407;1431;101;242
02112;624;748;147;108;722;395;1204;69;99
02113;1022;1133;279;165;1150;561;1837;87;231
02114;747;919;191;125;862;488;1392;72;202
02115;617;733;178;97;738;337;1094;73;183
02116;494;578;140;94;608;230;953;34;85
02117;550;641;127;77;636;351;1026;57;108
02118;679;805;180;146;856;302;1250;75;159
02119;585;708;141;105;728;319;1118;57;118
02120;572;643;124;107;691;293;1053;64;98
02121;557;669;143;94;698;291;1064;62;100
02122;488;617;98;102;638;267;947;61;97
02123;547;609;108;78;727;243;927;80;149
02124;508;586;110;104;579;301;999;32;63
02125;764;950;197;137;910;470;1498;70;146
02126;679;823;153;135;859;355;1331;61;110
02127;566;620;127;84;728;247;946;76;164
02128;609;698;123;116;769;299;1029;69;209
02129;711;838;128;123;930;368;1259;71;219
02130;533;572;109;106;582;308;1010;27;68
02131;592;657;116;103;731;299;991;80;178
02132;558;626;104;95;716;269;957;56;171
02133;396;479;81;53;400;341;787;22;66
02134;664;756;118;117;830;355;1200;86;134
02135;991;1118;217;153;1323;416;1675;138;296
02136;421;482;82;75;526;220;773;30;100
02137;672;782;169;127;861;297;1131;104;219
02138;939;1017;222;164;1061;509;1642;102;212
02139;772;889;158;137;1041;325;1247;119;295
02140;920;1022;188;183;1144;427;1612;111;219
02141;592;682;139;111;762;262;1004;71;199
02142;951;1090;213;170;1246;412;1569;133;339
02143;646;639;128;98;773;286;978;110;197
02144;704;811;148;155;915;297;1172;145;198
02145;599;631;129;134;790;177;928;92;210
02146;533;616;102;89;688;270;936;74;139
02147;992;1173;238;180;1311;436;1734;151;280
02148;729;865;155;125;950;364;1300;117;177
02149;859;959;215;148;1114;341;1410;143;265
02150;727;773;151;169;866;314;1148;116;236
02151;696;787;143;125;925;290;1147;140;196
02152;545;687;115;90;659;368;1056;68;108
02153;615;748;141;118;703;401;1146;54;163
02154;510;562;91;92;677;212;726;89;257
02155;861;1006;190;155;1038;484;1531;112;224
02156;603;676;107;97;688;387;1063;66;150
02157;551;654;152;90;643;320;970;70;165
02158;755;862;170;117;881;449;1358;97;162
02159;888;966;194;168;1116;376;1467;132;255
02160;974;1041;213;149;1213;440;1647;144;224
02161;538;578;127;87;655;247;892;94;130
02162;659;722;129;122;788;342;1087;80;214
02163;863;969;176;163;1090;403;1464;163;205
02164;678;779;148;116;917;276;1060;179;218
02165;813;898;182;119;1018;392;1337;119;255
02166;1007;1113;232;159;1325;404;1593;165;362
02167;1029;1080;228;169;1182;530;1739;141;229
02168;1056;1165;232;172;1362;455;1713;174;334
02169;771;811;172;136;964;310;1256;126;200
02170;760;819;149;132;951;347;1275;103;201
02171;804;875;179;145;953;402;1246;105;328
02172;782;843;174;139;1007;305;1219;143;263
02173;723;817;166;110;934;330;1263;101;176
03001;772;889;165;136;977;383;1319;89;253
03002;1008;1072;239;154;1303;384;1468;182;430
03003;811;892;205;151;1078;269;1121;153;429
03004;743;815;171;110;976;301;1198;120;240
03005;630;655;145;86;753;301;944;91;250
03006;718;692;158;127;907;218;976;152;282
03007;826;872;215;157;1006;320;1273;110;315
03008;582;657;141;95;786;217;863;97;279
03009;569;641;127;96;732;255;903;81;226
03010;982;944;211;226;1216;273;1247;147;532
03011;874;900;233;176;1129;236;1098;174;502
03012;1025;1110;234;175;1382;344;1435;212;488
03013;989;926;225;203;1248;239;1197;233;485
03014;946;898;199;138;1240;267;1172;199;473
03015;1491;1512;349;274;1904;476;1960;283;760
03016;595;607;131;131;762;178;758;114;330
03017;846;798;213;138;1059;234;1024;172;448
03018;864;870;220;165;1016;333;1239;112;383
03019;699;788;179;113;954;241;967;133;387
03020;608;593;115;82;679;325;993;54;154
03021;540;623;101;85;614;363;990;36;137
03022;728;743;191;120;890;270;1116;97;258
03023;987;996;252;141;1309;281;1356;184;443
03024;1027;1026;271;159;1347;276;1480;223;350
03025;603;560;147;109;687;220;1066;9;88
03026;493;525;110;68;440;400;925;15;78
03027;874;942;267;184;972;393;1644;39;133
03028;1174;1264;553;179;1418;288;2055;90;293
03029;610;685;153;145;716;281;1173;33;89
03030;734;854;167;161;869;391;1375;42;171
03031;1194;1287;324;243;1412;502;2226;49;206
03032;789;833;251;137;965;269;1385;57;180
03033;705;719;219;128;766;311;1070;34;320
03034;748;788;181;172;933;250;1359;22;155
03035;1093;1224;244;259;1295;519;2036;52;229
03036;1124;1230;332;216;1381;425;2087;83;184
03037;530;553;116;164;661;142;993;18;72
03038;487;534;170;108;546;197;937;6;78
03039;1197;1242;369;259;1342;469;1962;60;417
03040;742;826;142;120;899;407;1410;62;96
03041;657;744;151;146;780;324;1108;80;213
03042;668;722;160;118;845;267;1056;104;230
03043;753;888;167;144;915;415;1309;102;230
03044;913;1027;231;179;1164;366;1454;111;375
03045;530;561;131;71;661;228;872;96;123
03046;653;743;107;117;831;341;1220;80;96
03047;856;947;194;157;1144;308;1447;96;260
03048;658;722;128;87;869;296;1111;74;195
03049;780;876;205;112;958;381;1288;104;264
03050;758;831;141;112;1021;315;1256;109;224
03051;872;944;256;156;1139;265;1377;104;335
03052;627;679;153;109;816;228;984;95;227
03053;1039;1121;280;201;1303;376;1559;153;448
03054;877;922;201;165;1070;363;1446;87;266
03055;751;814;146;132;977;310;1285;91;189
03056;371;467;89;52;451;246;734;20;84
03057;706;827;153;134;865;381;1351;55;127
03058;588;779;165;112;773;317;1219;45;103
03059;583;629;148;90;667;307;1011;39;162
03060;644;696;147;114;765;314;1227;31;82
03061;504;574;99;70;582;327;919;39;120
03062;777;884;194;142;935;390;1401;70;190
03063;637;679;177;115;762;262;1073;53;190
03064;587;670;165;115;746;231;1124;38;95
03065;676;718;117;146;905;226;1285;24;85
03066;1123;1213;315;196;1409;416;2029;60;247
03067;838;917;195;148;1013;399;1501;35;219
03068;535;626;118;85;615;343;1016;26;119
03069;583;614;145;90;670;292;1020;24;153
03070;618;646;130;114;735;285;1075;46;143
03071;608;671;152;116;729;282;1024;56;199
03072;655;748;149;117;841;296;1118;33;252
03073;786;842;182;141;993;312;1369;46;213
03074;817;975;209;142;1023;418;1494;58;240
03075;776;880;189;132;975;360;1387;42;227
03076;485;538;97;75;555;296;881;20;122
03077;582;718;145;128;693;334;1096;48;156
03078;798;864;206;143;1015;298;1366;55;241
03079;860;956;221;172;1062;361;1375;74;367
03080;700;847;149;131;899;368;1288;55;204
03081;858;1011;197;169;1077;426;1562;45;262
03082;858;990;199;153;1084;412;1568;70;210
03083;614;734;113;115;824;296;1176;57;115
03084;662;786;150;132;770;396;1235;64;149
03085;572;660;99;116;735;282;1026;42;164
03086;599;666;114;104;684;363;1179;38;48
03087;693;814;198;114;764;431;1313;45;149
03088;663;757;161;98;790;371;1222;61;137
03089;564;659;128;84;660;351;1132;27;64
03090;493;564;126;109;587;235;962;43;52
03091;681;743;160;152;850;262;1207;63;154
03092;600;643;146;102;755;240;1029;68;146
03093;727;810;169;159;889;320;1374;36;127
03094;539;607;119;73;678;276;1040;37;69
03095;757;884;176;148;956;361;1347;69;225
03096;729;800;171;142;978;238;1160;86;283
03097;784;855;181;154;1073;231;1103;128;408
03098;662;722;175;142;818;249;1083;76;225
03099;451;545;114;78;611;193;818;55;123
03100;586;673;149;81;754;275;1043;64;152
03101;1033;956;218;144;1223;404;1457;142;390
03102;636;714;185;100;802;263;1122;61;167
03103;567;643;129;73;646;362;1090;30;90
03104;687;796;188;125;928;242;1163;88;232
03105;524;637;127;95;712;227;946;47;168
03106;579;692;159;92;817;203;1018;94;159
03107;771;789;171;108;949;332;1311;54;195
03108;727;866;185;118;958;332;1245;93;255
03109;698;812;187;120;913;290;1247;92;171
03110;739;835;191;110;913;360;1297;82;195
03111;606;702;181;77;803;247;1098;65;145
03112;897;1020;214;182;1141;380;1675;70;172
03113;756;880;165;150;864;457;1394;70;172
03114;663;792;135;157;786;377;1298;47;110
03211;726;765;180;228;878;205;1325;4;162
03212;1145;1280;259;226;1253;687;2030;58;337
03213;1133;1225;318;291;1398;351;1834;55;469
04001;586;686;129;127;758;258;1022;73;177
04002;937;1023;247;188;1101;424;1773;55;132
04003;535;550;133;77;629;246;980;28;77
04004;442;543;101;69;592;223;846;36;103
04005;579;663;151;96;676;319;1134;30;78
04006;528;617;142;95;597;311;1027;31;87
04007;469;613;110;76;559;337;942;48;92
04008;467;534;115;77;569;240;866;28;107
04009;647;776;150;120;845;308;1229;53;141
04010;417;496;119;85;491;218;829;21;63
04011;814;907;240;108;884;489;1586;52;83
04012;631;747;125;145;758;350;1292;40;46
04013;571;688;134;104;709;312;1140;48;71
04014;382;464;88;66;433;259;771;23;52
04015;870;1025;218;165;1109;403;1736;43;116
04016;519;582;116;82;627;276;1007;32;62
04017;514;621;124;68;601;342;1027;28;80
04018;705;847;190;154;792;416;1368;59;125
04019;618;714;151;143;686;352;1163;71;98
04020;678;774;207;131;723;391;1299;53;100
04021;600;712;159;130;670;353;1133;64;115
04022;755;839;147;146;901;400;1324;79;191
04023;510;578;157;107;533;291;930;36;122
04024;496;564;178;107;512;263;999;16;45
04025;552;638;162;97;664;267;1050;51;89
04026;589;721;172;98;692;348;1157;50;103
04027;571;626;142;112;672;271;1034;57;106
04028;638;718;166;95;668;427;1200;67;89
04029;528;621;126;83;606;334;1077;16;56
04030;810;960;233;129;870;538;1602;68;100
04031;924;863;204;134;1059;390;1466;91;230
04032;704;865;172;126;889;382;1444;30;95
04033;538;633;151;76;654;290;1055;33;83
04034;700;784;163;129;709;483;1401;40;43
04035;651;775;176;87;789;374;1288;41;97
04036;791;936;242;138;849;498;1516;52;159
04037;996;1166;252;189;1139;582;1903;51;208
04038;597;697;138;103;685;368;1200;19;75
04039;581;641;168;111;696;247;1060;46;116
04040;730;862;230;137;912;313;1313;42;237
04041;622;698;160;86;767;307;1107;40;173
04042;832;913;118;123;1037;467;1498;44;203
04043;744;907;167;131;840;513;1558;21;72
04044;772;859;180;144;928;379;1437;32;162
04045;661;760;199;103;733;386;1249;56;116
04046;1209;1254;285;221;1266;691;2275;72;116
04047;829;926;199;189;940;427;1588;43;124
04048;701;833;159;157;829;389;1393;68;73
04049;549;634;179;128;616;260;1040;63;80
04050;969;1135;363;183;985;573;1874;98;132
04051;737;890;234;154;801;438;1438;70;119
04052;992;1187;337;228;1009;605;1885;148;146
04053;828;860;231;204;947;306;1285;127;276
04054;516;581;160;119;518;300;907;60;130
04055;773;824;272;221;725;379;1303;215;79
04056;871;947;324;221;919;354;1329;260;229
04084;628;745;184;93;652;444;1248;44;81
05001;878;860;324;167;1046;201;1459;180;99
05002;747;821;296;150;812;310;1379;135;54
05003;683;677;254;163;764;179;1188;95;77
05004;469;644;163;166;479;305;985;68;60
05005;585;631;205;183;561;267;937;123;156
05006;880;896;341;241;825;369;1473;202;101
05007;851;867;284;147;890;397;1484;124;110
05008;768;877;313;176;792;364;1480;87;78
05009;786;953;292;187;874;386;1524;112;103
05010;749;886;319;161;801;354;1477;118;40
05011;646;756;230;131;762;279;1264;64;74
05012;626;768;242;133;745;274;1225;80;89
05013;804;893;289;164;943;301;1476;125;96
05014;830;904;335;150;902;347;1468;139;127
05015;726;873;358;133;812;296;1428;107;64
05016;858;1045;367;177;993;366;1648;112;143
05017;736;852;270;214;773;331;1396;96;96
05018;564;686;195;121;608;326;1134;48;68
05019;805;936;326;190;869;356;1588;75;78
05020;497;638;133;133;628;241;980;45;110
05021;622;754;255;232;644;245;1116;59;201
05022;779;1026;292;196;850;467;1637;70;98
05023;651;834;254;119;769;343;1344;62;79
05024;895;1026;318;234;927;442;1747;92;82
05025;633;736;210;194;672;293;1280;37;52
05026;709;753;264;199;706;293;1369;46;47
05027;678;730;267;197;646;298;1316;41;51
05028;786;828;318;179;833;284;1457;68;89
05029;816;892;336;231;802;339;1566;89;53
05030;649;753;265;191;657;289;1331;25;46
05031;766;892;291;249;724;394;1456;90;112
05032;850;1000;264;282;892;412;1495;119;236
05033;631;733;272;126;669;297;1210;65;89
05034;538;696;227;110;620;277;1087;66;81
05035;524;567;140;120;492;339;1024;28;39
05036;840;913;311;226;856;360;1601;75;77
05037;628;807;248;153;699;335;1274;60;101
05038;601;713;172;117;724;301;1132;57;125
05039;713;841;271;169;743;371;1477;27;50
05040;650;805;228;151;805;271;1270;75;110
05041;932;954;274;185;1111;316;1505;109;272
05042;616;662;156;166;665;291;1102;56;120
05043;677;780;218;145;800;294;1266;71;120
05044;596;714;211;116;689;294;1173;56;81
05045;710;853;286;174;783;320;1441;55;67
05046;492;654;149;122;497;378;1084;20;42
05047;587;711;246;146;656;250;1200;47;51
05048;584;705;202;182;621;284;1192;28;69
05049;769;909;258;216;838;366;1503;76;99
05050;784;925;247;183;933;346;1519;78;112
05051;774;881;294;200;797;364;1495;82;78
05052;675;842;265;183;731;338;1395;61;61
05053;713;827;236;219;741;344;1390;59;91
05054;449;585;135;146;499;254;911;40;83
05055;676;774;241;189;664;356;1299;43;108
05056;509;724;180;111;606;336;1090;44;99
05057;807;918;222;214;842;447;1567;51;107
05058;735;864;267;167;787;378;1360;84;155
05059;709;943;237;152;875;388;1431;96;125
05060;517;632;187;145;562;255;981;69;99
05061;639;813;155;135;854;308;1201;85;166
05062;687;900;229;172;820;366;1392;104;91
05063;721;874;235;179;822;359;1418;76;101
05064;709;879;209;164;830;385;1385;87;116
05065;761;917;228;168;898;384;1435;86;157
05066;552;667;151;141;615;312;1088;53;78
05067;615;732;200;148;678;321;1163;87;97
05068;714;841;219;143;892;301;1306;122;127
05069;795;964;272;186;965;336;1503;116;140
05070;651;795;216;137;762;331;1297;69;80
05071;734;890;208;177;908;331;1363;120;141
05072;762;944;232;174;905;395;1480;92;134
05073;748;909;219;162;923;353;1422;98;137
05074;794;924;260;192;873;393;1517;103;98
05075;782;1006;263;207;899;419;1598;91;99
05076;631;760;191;138;717;345;1231;71;89
05077;657;820;242;206;722;307;1311;74;92
05078;991;1126;378;249;1077;413;1915;98;104
05079;558;686;163;158;657;266;1105;79;60
05080;603;771;193;135;774;272;1194;95;85
05081;717;903;234;172;882;332;1381;104;135
05082;781;901;238;162;956;326;1443;113;126
05083;593;708;157;115;727;302;1099;89;113
05084;581;751;174;136;727;295;1153;86;93
05085;615;707;195;110;778;239;1113;87;122
05086;612;696;185;117;774;232;1121;84;103
05087;684;865;187;156;862;344;1361;84;104
05088;819;894;205;212;967;329;1487;91;135
05089;827;914;238;176;955;372;1540;108;93
05090;881;1012;274;148;1104;367;1608;125;160
05091;676;854;203;132;836;359;1344;100;86
05092;693;861;209;182;809;354;1389;83;82
05093;506;654;151;136;601;272;1022;48;90
05094;1152;1412;403;301;1277;583;2331;124;109
05095;728;916;278;145;839;382;1461;51;132
05096;504;614;158;95;626;239;976;65;77
05097;746;843;280;158;828;323;1387;107;95
05098;684;845;212;139;866;312;1314;86;129
06001;499;636;143;74;642;276;911;85;139
06002;683;781;158;129;822;355;1200;91;173
06003;1087;1167;287;172;1313;482;1927;149;178
06004;694;748;187;123;819;313;1232;84;126
06006;464;541;157;90;543;215;923;37;45
06007;906;1025;314;182;1100;335;1707;84;140
06008;847;1101;241;176;1061;470;1667;96;185
06009;571;635;214;103;614;275;1088;74;44
06010;490;565;147;81;552;275;932;27;96
06011;601;680;163;122;627;369;1187;42;52
06012;531;589;145;76;553;346;976;75;69
06013;821;923;224;189;973;358;1475;115;154
06014;644;736;158;103;759;360;1246;51;83
06015;650;741;183;119;829;260;1168;75;148
06016;738;849;235;138;952;262;1339;79;169
06017;627;712;197;96;761;285;1161;75;103
06018;625;671;143;96;800;257;1061;135;100
06019;680;804;175;136;888;285;1256;106;122
06020;533;596;141;72;623;293;967;72;90
06021;601;739;192;136;675;337;1171;61;108
06022;664;674;164;154;710;310;1136;80;122
06023;578;650;141;101;639;347;1164;24;40
06024;708;904;210;130;826;446;1424;77;111
06025;633;793;178;121;721;406;1294;40;92
06026;467;557;98;65;560;301;889;39;96
06027;521;675;147;108;621;320;1053;48;95
06028;610;691;157;96;772;276;1080;112;109
06029;559;674;102;102;704;325;1061;75;97
06030;625;739;155;99;843;267;1099;128;137
06031;481;610;96;89;680;226;906;91;94
06032;548;612;147;82;703;228;1003;72;85
06033;596;710;133;95;809;269;1109;114;83
06034;566;722;139;94;773;282;1075;107;106
06035;464;548;110;88;563;251;876;80;56
06036;627;815;166;108;752;416;1243;84;115
06037;526;603;143;114;609;263;898;103;128
06038;623;865;183;117;867;321;1243;146;99
06039;716;893;166;111;1057;275;1214;222;173
06040;665;947;184;140;898;390;1341;124;147
06041;773;929;224;169;965;344;1399;151;152
06042;815;943;271;130;1044;313;1367;181;210
06043;596;699;162;95;802;236;973;134;188
06044;700;787;181;115;895;296;1200;157;130
06045;596;734;143;106;883;198;960;181;189
06046;528;621;126;86;745;192;887;132;130
06047;836;877;200;122;1163;228;1200;239;274
06048;660;736;154;106;905;231;1041;170;185
06049;506;618;150;84;689;201;876;112;136
06050;584;663;141;83;808;215;924;168;155
06051;580;750;177;88;819;246;1041;138;151
06052;721;851;165;133;993;281;1237;179;156
06053;658;808;176;88;903;299;1177;165;124
06054;782;863;220;106;1052;267;1289;173;183
06055;614;800;167;95;857;295;1180;108;126
06056;724;860;174;97;1091;222;1208;195;181
06057;677;833;164;93;964;289;1173;158;179
06058;717;891;139;113;1051;305;1256;159;193
06059;689;798;174;100;901;312;1256;120;111
06060;834;964;185;144;1128;341;1432;172;194
06061;617;728;135;101;835;274;1102;74;169
06062;603;700;163;95;760;285;1063;100;140
06063;712;823;181;95;965;294;1232;132;171
06064;884;1062;263;166;1053;464;1648;133;165
06065;542;661;162;86;683;272;1037;78;88
06066;440;545;113;45;595;232;842;59;84
06067;806;971;194;130;1102;351;1471;149;157
06068;692;857;192;131;875;351;1338;107;104
06069;512;584;129;83;635;249;943;63;90
06070;826;1041;224;118;1130;395;1517;128;222
06071;491;574;111;142;574;238;908;54;103
06072;718;897;170;148;870;427;1429;79;107
06073;644;747;130;109;807;345;1202;64;125
06074;529;596;156;86;652;231;933;79;113
06075;503;600;118;86;582;317;1014;28;61
06076;651;664;144;98;663;410;1157;49;109
06077;513;663;152;105;681;238;990;71;115
06078;619;715;164;95;846;229;1072;110;152
06079;517;607;132;73;644;275;969;76;79
06080;535;622;131;90;647;289;1009;39;109
06081;592;706;144;100;779;275;1115;77;106
06082;813;1003;212;180;1029;395;1601;86;129
06083;820;898;175;140;944;459;1532;68;118
06084;701;818;180;110;887;342;1304;85;130
06085;576;705;148;105;680;348;1149;58;74
06086;467;519;122;78;544;242;909;37;40
06087;841;1033;188;115;985;586;1760;45;69
06088;543;660;144;96;658;305;1074;50;79
07001;693;883;154;127;793;502;1435;44;97
07002;520;630;109;65;666;310;1018;53;79
07003;610;709;194;104;759;262;1082;87;150
07004;694;791;146;120;895;324;1191;95;199
07005;728;790;184;90;905;339;1303;63;152
07006;445;506;95;73;553;230;868;29;54
07007;619;785;114;122;693;475;1236;56;112
07008;683;748;135;125;775;396;1300;46;85
07009;535;670;125;108;704;268;1038;55;112
07010;625;710;140;153;784;258;1118;52;165
07011;519;631;116;71;707;256;929;68;153
07012;727;871;185;110;925;378;1343;83;172
07013;582;642;111;112;711;290;1135;22;67
07014;441;481;93;65;519;245;764;42;116
07015;651;734;160;126;750;349;1240;51;94
07016;640;686;155;131;728;312;1189;55;82
07017;709;929;207;124;912;395;1416;70;152
07018;737;922;207;146;923;383;1381;66;212
07019;676;792;162;121;803;382;1298;49;121
07020;717;863;204;133;878;365;1312;64;204
07021;494;527;109;85;580;247;919;47;55
07022;552;608;140;112;641;267;1053;27;80
07023;646;655;163;105;774;259;1112;76;113
07024;677;768;157;147;820;321;1234;79;132
07025;650;769;177;112;838;292;1178;74;167
07026;487;584;110;64;558;339;938;41;92
07027;922;1047;285;188;1063;433;1660;85;224
07028;724;773;198;149;921;229;1249;85;163
07029;644;662;125;118;677;386;1162;42;102
07030;623;762;204;96;747;338;1202;31;152
07031;749;805;207;109;894;344;1336;53;165
07032;698;699;175;129;800;293;1239;30;128
07033;650;745;157;122;768;348;1245;38;112
07034;831;903;245;152;993;344;1532;49;153
07035;798;979;238;170;1002;367;1602;67;108
07036;627;751;169;107;774;328;1246;26;106
07037;661;812;169;124;829;351;1250;59;164
07038;616;723;164;139;669;367;1133;62;144
07039;746;857;189;166;957;291;1365;72;166
07040;694;801;172;131;862;330;1269;86;140
07041;603;741;180;100;794;270;1088;65;191
07042;712;845;189;120;919;329;1317;51;189
07043;644;734;178;109;767;324;1175;42;161
07044;601;686;132;101;713;341;1168;32;87
07045;714;781;192;113;819;371;1299;63;133
07046;661;765;170;95;777;384;1205;49;172
07047;698;760;169;119;852;318;1243;52;163
07048;555;674;142;99;681;307;1079;46;104
07049;577;628;128;109;669;299;1067;45;93
07050;542;617;151;91;668;249;991;43;125
07051;786;944;242;149;942;397;1485;67;178
07052;571;652;147;102;601;373;1148;32;43
07053;688;761;204;122;778;345;1354;23;72
07054;728;817;245;134;806;360;1473;33;39
07055;568;632;171;131;580;318;1149;18;33
07056;576;601;164;110;634;269;1095;32;50
07057;676;775;197;161;788;305;1371;18;62
07058;661;700;180;118;777;286;1289;31;41
07059;602;661;164;90;711;298;1108;68;87
07060;907;922;236;144;1061;388;1632;65;132
07061;604;595;173;96;677;253;1107;22;70
07062;612;665;181;101;771;224;1101;49;127
07063;705;728;192;139;794;308;1282;29;122
07064;794;864;214;146;919;379;1477;41;140
07065;788;863;198;144;948;361;1352;51;248
07066;832;913;228;173;951;393;1450;58;237
07067;685;798;203;119;834;327;1266;46;171
07068;598;671;170;126;693;280;1065;33;171
07069;717;738;179;139;792;345;1250;26;179
07070;659;753;181;154;762;315;1194;27;191
07071;633;735;158;127;722;361;1237;17;114
07072;647;697;168;129;714;333;1212;20;112
07073;499;623;139;84;569;330;951;27;144
07074;802;883;212;156;928;389;1450;23;212
07075;596;644;137;120;639;344;1032;27;181
07076;642;690;178;107;714;333;1121;38;173
07077;644;695;170;136;754;279;1117;40;182
07078;667;691;180;122;788;268;1167;54;137
07079;657;701;149;118;699;392;1212;16;130
07080;840;949;295;150;1009;335;1571;36;182
07081;947;1006;212;207;1100;434;1786;40;127
07082;610;642;166;124;703;259;1080;41;131
07083;603;664;134;109;698;326;1105;35;127
07084;624;644;151;129;705;283;1088;34;146
07085;620;664;180;112;735;257;1169;26;89
07086;704;757;176;128;826;331;1210;46;205
07087;742;820;181;122;875;384;1348;33;181
07088;748;786;230;139;890;275;1240;47;247
07089;607;750;164;114;714;365;1197;38;122
07090;704;720;198;124;775;327;1306;28;90
07091;534;622;147;105;609;295;1012;41;103
07092;593;742;114;97;657;467;1068;26;241
07093;736;828;184;154;809;417;1396;45;123
07094;570;716;143;83;650;410;1125;31;130
07095;692;834;176;144;831;375;1365;33;128
07096;633;768;172;134;728;367;1244;35;122
07097;398;530;84;53;350;441;831;20;77
07098;984;1141;314;220;1159;432;1977;64;84
07099;531;560;102;122;698;169;1012;16;63
07100;557;628;125;82;549;429;1067;36;82
07101;667;722;160;89;658;482;1217;42;130
07102;312;290;85;49;379;89;536;9;57
07103;714;821;159;182;886;308;1178;56;301
07104;739;857;229;124;831;412;1416;50;130
07105;518;559;134;89;600;254;1006;21;50
07106;553;632;172;79;600;334;1112;1;72
07107;615;654;174;99;670;326;1199;20;50
07108;580;624;129;122;633;320;1143;21;40
07109;777;872;186;113;883;467;1474;44;131
07110;458;599;106;86;457;408;1000;16;41
07111;388;501;95;56;389;349;840;27;22
07112;589;653;154;117;688;283;1150;19;73
07113;581;610;177;94;676;244;1088;16;87
07114;537;627;140;113;650;261;1104;14;46
07115;541;570;127;123;578;283;1022;31;58
07116;695;789;220;103;828;333;1366;44;74
07117;844;725;215;117;971;266;1190;117;262
07118;537;708;167;90;661;327;1139;19;87
07119;553;648;172;90;672;267;1030;22;149
07120;562;654;117;110;633;356;1076;19;121
07121;546;650;142;97;626;331;1006;26;164
07122;584;742;147;95;694;390;1181;20;125
07123;671;728;147;170;723;359;1244;23;132
08001;605;687;138;112;718;324;1166;17;109
08002;566;668;142;113;633;346;1146;23;65
08003;586;640;135;107;660;324;1118;18;90
08004;652;787;166;119;789;365;1192;22;225
08005;542;617;124;102;616;317;1013;25;121
08006;704;790;187;149;803;355;1290;48;156
08007;521;676;120;92;600;385;1108;12;77
08008;760;834;199;119;900;376;1406;58;130
08009;787;880;222;145;943;357;1446;45;176
08010;518;606;122;111;627;264;998;19;107
08011;535;662;172;132;620;273;1094;18;85
08012;590;746;157;123;744;312;1149;25;162
08013;537;644;141;90;625;325;1043;16;122
08014;560;646;163;111;656;276;1038;12;156
08015;629;788;176;127;768;346;1162;22;233
08016;505;642;137;88;579;343;984;13;150
08017;643;740;168;107;742;366;1234;19;130
08018;718;842;162;141;881;376;1336;32;192
08019;814;968;228;130;1032;392;1439;58;285
08020;591;709;159;105;722;314;1120;14;166
08021;666;802;179;140;786;363;1268;11;189
08022;560;661;109;113;688;311;1087;7;127
08023;641;714;172;136;754;293;1185;26;144
08024;629;771;166;121;737;376;1207;35;158
08025;528;662;136;104;623;327;959;38;193
08026;657;759;210;100;728;378;1222;36;158
08027;638;652;174;78;670;368;1189;20;81
08028;499;598;109;78;565;345;994;14;89
08029;716;820;229;138;842;327;1387;13;136
08030;699;794;246;143;802;302;1262;23;208
08031;626;699;180;91;677;377;1195;17;113
08032;604;708;172;110;709;321;1141;25;146
08033;693;749;182;98;830;332;1185;32;225
08034;519;680;153;109;535;402;974;14;211
08035;1029;979;210;163;1172;463;1500;81;427
08036;684;800;168;118;827;371;1216;21;247
08037;675;828;174;113;790;426;1275;20;208
08038;664;820;195;142;814;333;1223;18;243
08039;707;822;196;127;809;397;1229;35;265
08040;759;878;225;163;916;333;1363;12;262
08041;1113;1205;378;262;1317;361;1594;43;681
08042;580;693;138;91;583;461;1116;14;143
08043;508;655;119;141;575;328;1078;16;69
08044;629;716;165;132;736;312;1058;17;270
08045;834;917;241;170;1012;328;1320;38;393
08046;613;753;159;118;717;372;1125;18;223
08047;725;855;226;134;853;367;1147;28;405
08048;484;530;118;124;535;237;929;10;75
08049;602;668;183;107;695;285;1177;17;76
08050;662;761;156;125;715;427;1333;14;76
08051;643;712;264;85;735;271;1275;16;64
08052;394;500;115;59;450;270;816;15;63
08053;550;614;127;91;548;398;1076;27;61
08054;749;943;179;130;796;587;1573;27;92
08055;899;970;208;158;897;606;1767;39;63
08056;693;790;160;145;734;444;1334;29;120
08057;624;717;140;120;670;411;1202;19;120
08058;733;875;215;142;819;432;1485;23;100
08059;457;513;119;78;521;252;917;6;47
08060;557;630;130;88;627;342;1123;6;58
08061;833;857;224;146;892;428;1607;21;62
08062;565;604;99;112;668;290;1140;5;24
08063;528;569;89;80;582;346;1055;5;37
08064;821;919;238;151;938;413;1655;15;70
08065;862;832;297;194;971;232;1374;48;272
08066;750;779;268;151;886;224;1249;49;231
08067;837;867;246;158;981;319;1436;34;234
08068;856;964;269;224;982;345;1447;22;351
08069;711;765;194;151;845;286;1177;28;271
08070;661;752;211;107;826;269;1069;32;312
08071;793;851;220;182;908;334;1326;23;295
08072;571;639;175;126;607;302;998;41;171
08073;813;936;250;165;1023;311;1341;55;353
08074;682;741;212;146;793;272;1039;64;320
08075;875;978;234;172;1032;415;1503;43;307
08076;716;835;159;127;787;478;1307;33;211
08077;648;747;199;149;783;264;1259;15;121
08078;704;824;185;118;866;359;1256;37;235
08079;673;743;193;137;787;299;1074;40;302
08080;681;793;194;116;803;361;1234;26;214
08081;769;834;275;141;893;294;1183;26;394
08082;704;867;176;163;828;404;1296;18;257
08083;589;704;173;106;698;316;1002;39;252
08084;550;626;141;104;602;329;992;11;173
08085;688;739;180;158;820;269;1172;27;228
08086;792;905;235;130;909;423;1390;33;274
08087;565;669;170;95;640;329;1054;11;169
08088;593;680;166;113;695;299;1070;19;184
08089;584;664;162;104;680;302;1037;30;181
08090;577;650;153;103;635;336;1061;11;155
08091;584;602;111;119;590;366;1035;12;139
08092;491;512;114;77;525;287;895;10;98
08093;607;641;171;117;666;294;1090;9;149
08094;717;780;149;112;746;490;1360;17;120
08095;521;581;135;91;504;372;1027;12;63
08096;705;740;177;153;802;313;1238;23;184
08097;632;704;187;154;710;285;1158;8;170
08098;570;641;173;112;626;300;1032;32;147
08099;643;702;179;123;778;265;1123;34;188
08100;549;690;157;101;680;301;1078;12;149
08101;792;928;217;158;902;443;1526;11;183
08102;677;813;174;109;717;490;1234;16;240
08103;766;768;232;139;929;234;1134;31;369
08104;558;696;169;132;687;266;1035;30;189
08105;730;796;231;164;810;321;1252;20;254
08106;562;639;185;121;657;238;885;9;307
08107;851;924;240;185;1011;339;1620;9;146
08108;901;950;369;225;1052;205;1468;55;328
08109;505;476;158;118;540;165;886;5;90
08110;943;930;360;185;1053;275;1328;51;494
08111;738;864;263;189;845;305;1192;16;394
08112;821;854;275;202;910;288;1125;45;505
08113;862;858;289;208;887;336;1274;7;439
08114;908;911;252;202;992;373;1363;27;429
08115;790;835;249;195;867;314;1125;31;469
08116;678;704;260;140;750;232;1211;23;148
08215;654;803;233;123;797;304;1300;26;131
09001;1389;1194;488;312;1438;345;1627;65;891
09002;1081;1002;318;220;1218;327;1435;72;576
09003;1086;1001;343;218;1166;360;1540;41;506
09004;810;839;255;182;912;300;1256;20;373
09005;796;799;265;144;947;239;1335;61;199
09006;608;640;205;154;675;214;1108;23;117
09007;630;667;226;134;741;196;1148;14;135
09008;970;962;599;115;1129;89;1833;26;73
09009;690;736;284;106;692;344;1349;10;67
09010;879;926;217;175;953;460;1728;18;59
09011;864;886;246;191;934;379;1537;15;198
09013;904;988;324;194;1055;319;1515;32;345
09014;1095;927;296;175;1191;360;1530;104;388
09015;895;926;276;176;1042;327;1512;37;272
09016;656;738;148;121;844;281;1342;7;45
09017;740;775;246;148;847;274;1403;23;89
09018;711;761;219;95;792;366;1426;6;40
09019;1162;1212;323;228;1475;348;2256;29;89
09020;528;605;124;84;561;364;1077;11;45
09021;645;713;160;116;754;328;1271;15;72
09022;567;630;141;111;654;291;1128;21;48
09023;581;631;168;110;713;221;1132;23;57
09024;516;636;155;84;591;322;1088;13;51
09025;535;627;145;86;676;255;1064;15;83
09026;727;821;180;125;894;349;1424;32;92
09027;644;688;124;120;786;302;1285;9;38
09028;794;837;400;125;927;179;1608;10;13
09029;560;601;141;101;624;295;1098;14;49
09030;690;808;295;90;819;294;1445;13;40
09031;562;617;243;118;624;194;1148;14;17
09032;1009;1135;415;181;1266;282;1883;51;210
09033;1551;1660;400;273;1918;620;2870;66;275
09034;657;756;163;99;764;387;1255;19;139
09035;722;826;187;133;868;360;1394;32;122
09036;655;753;146;128;790;344;1339;10;59
09037;678;764;172;135;812;323;1242;20;180
09038;745;834;227;127;877;348;1458;22;99
09039;743;811;193;126;919;316;1466;28;60
09040;699;829;236;130;833;329;1388;29;111
09041;652;777;201;112;769;347;1297;47;85
09042;578;664;149;82;706;305;1105;25;112
09043;631;721;168;102;739;343;1225;37;90
09044;704;756;170;129;856;305;1359;31;70
09045;670;763;185;122;770;356;1314;26;93
09046;608;687;160;93;743;299;1194;25;76
09047;717;802;184;116;905;314;1408;23;88
09048;687;745;179;112;797;344;1292;23;117
09049;582;698;145;122;700;313;1122;8;150
09050;729;840;194;127;871;377;1436;34;99
09051;575;653;152;107;679;290;1113;31;84
09052;571;614;144;88;656;297;1103;17;65
09053;718;877;204;129;836;426;1478;29;88
09054;520;612;110;100;593;329;1029;11;92
09055;815;923;207;151;961;419;1456;39;243
09056;524;615;100;72;601;366;1054;15;70
09057;737;814;173;141;836;401;1304;28;219
09058;714;798;266;124;887;235;1307;49;156
09059;682;707;197;104;731;357;1244;46;99
09060;624;725;156;121;752;320;1221;21;107
09061;810;895;294;149;930;332;1594;39;72
09062;535;576;153;90;662;206;955;29;127
09063;547;585;131;90;671;240;1014;39;79
09064;566;638;120;126;686;272;1101;21;82
09065;919;1113;201;177;1158;496;1785;22;225
09066;667;756;183;108;839;293;1297;38;88
09067;647;806;168;123;818;344;1243;42;168
09068;753;803;194;125;882;355;1444;31;81
09069;409;517;108;68;449;301;835;12;79
09070;813;972;200;169;994;422;1435;55;295
09071;861;995;203;154;1023;476;1591;48;217
09072;666;785;179;117;815;340;1142;43;266
09073;738;807;125;146;920;354;1394;37;114
09074;731;882;193;153;822;445;1438;49;126
09075;681;809;186;148;820;336;1286;34;170
09076;629;780;160;114;778;357;1228;29;152
09077;698;901;194;130;837;438;1412;45;142
09078;682;785;179;143;807;338;1231;51;185
09079;738;858;186;159;869;382;1409;33;154
09080;643;681;140;112;729;343;1168;46;110
09081;808;986;247;145;1012;390;1538;45;211
09082;884;1040;269;167;1146;342;1627;62;235
09083;757;880;228;140;848;421;1402;64;171
09084;840;892;208;147;1025;352;1461;68;203
09085;769;910;177;143;957;402;1427;74;178
09086;663;786;193;133;774;349;1226;45;178
09087;596;681;124;106;698;349;1154;37;86
09088;894;1082;229;149;1062;536;1663;62;251
09089;657;824;170;118;745;448;1262;27;192
09090;746;888;180;135;896;423;1359;44;231
09091;880;982;216;177;1045;424;1610;34;218
09092;932;1025;210;169;1112;466;1736;35;186
09093;645;687;155;110;752;315;1213;29;90
09094;1010;1080;256;209;1169;456;1754;78;258
09095;1009;1121;276;199;1228;427;1831;63;236
09156;597;680;133;71;727;346;1139;35;103
10001;769;829;192;105;911;390;1311;69;218
10002;830;910;190;146;1071;333;1471;96;173
10003;768;825;195;144;931;323;1377;74;142
10004;697;835;193;94;846;399;1323;70;139
10005;744;876;150;122;973;375;1393;46;181
10006;802;938;182;137;996;425;1500;58;182
10007;654;688;123;95;747;377;1220;38;84
10008;774;925;170;119;948;462;1379;109;211
10009;724;833;154;92;905;406;1331;73;153
10010;768;921;179;125;970;415;1381;77;231
10011;561;646;121;101;715;270;1050;53;104
10012;894;1006;217;168;1090;425;1552;110;238
10013;629;753;155;109;792;326;1146;78;158
10014;668;756;125;113;848;338;1151;81;192
10015;861;980;177;137;1078;449;1499;103;239
10016;627;670;131;125;770;271;1076;65;156
10017;794;933;206;122;942;457;1427;65;235
10018;667;735;153;119;863;267;1100;81;221
10019;771;880;150;137;974;390;1387;68;196
10020;681;777;168;102;770;418;1222;51;185
10021;623;697;152;119;737;312;1103;64;153
10022;608;674;138;128;761;255;1098;74;110
10023;669;794;170;139;792;362;1245;67;151
10024;714;745;202;129;877;251;1203;59;197
10025;615;766;166;121;801;293;1151;65;165
10026;726;798;205;134;927;258;1228;93;203
10027;740;813;174;163;905;311;1398;46;109
10028;873;950;218;218;1077;310;1554;59;210
10029;716;782;198;131;867;302;1316;55;127
10030;823;926;221;135;957;436;1579;31;139
10031;755;807;168;123;929;342;1317;70;175
10032;698;760;183;153;970;152;1243;66;149
10033;393;498;71;91;408;321;865;10;16
10034;849;886;224;127;895;489;1557;47;131
10035;981;1034;357;191;1142;325;1898;30;87
10036;737;733;263;180;912;115;1311;68;91
10037;496;548;119;96;608;221;784;75;185
10038;792;831;202;141;974;306;1334;118;171
10039;818;966;230;165;1094;295;1377;137;270
10040;933;977;223;177;1090;420;1513;92;305
10041;767;800;169;109;925;364;1282;93;192
10042;1228;1314;439;160;1629;314;1951;189;402
10043;1070;1077;308;266;1353;220;1424;255;468
10044;732;783;151;112;904;348;1233;125;157
10045;586;703;155;113;774;247;1113;102;74
10046;601;659;128;77;724;331;1022;104;134
10047;969;965;157;193;1160;424;1430;204;300
10048;794;842;215;158;952;311;1302;157;177
10049;631;665;150;110;727;309;1099;86;111
10050;761;871;187;147;938;360;1403;77;152
10051;759;832;254;128;904;305;1321;143;127
10052;1191;1178;399;281;1470;219;1973;244;152
10053;890;899;240;253;1065;231;1504;179;106
10054;462;521;152;131;582;118;845;70;68
10055;1297;1350;440;396;1441;370;2205;248;194
10056;914;971;269;120;1252;244;1339;279;267
10057;696;689;162;74;896;253;1077;145;163
10058;564;596;161;68;715;216;939;104;117
10059;812;881;255;105;1043;290;1244;236;213
10060;801;779;237;125;1009;209;1174;155;251
10061;867;967;264;130;1038;402;1585;150;99
10062;743;774;235;148;866;268;1326;90;101
10063;590;641;124;115;706;286;1085;84;62
10064;861;876;236;123;1090;288;1359;191;187
10065;798;833;264;111;1000;256;1379;139;113
10066;1059;1099;411;162;1246;339;1779;176;203
10067;944;1052;516;160;1138;182;1717;166;113
10068;805;818;370;125;949;179;1479;79;65
10069;1063;1196;443;157;1305;354;1863;151;245
10070;786;903;225;148;1028;288;1399;122;168
10071;906;939;272;175;1130;268;1661;97;87
10072;1015;1049;360;145;1242;317;1715;153;196
10073;725;790;189;121;798;407;1330;71;114
10074;822;858;249;146;972;313;1366;120;194
10075;739;757;198;140;873;285;1256;95;145
10076;1016;1111;400;87;1534;106;1821;131;175
10077;977;923;440;161;1121;178;1616;157;127
10078;1174;1187;609;158;1398;196;1992;212;157
10079;857;918;268;167;1025;315;1564;94;117
10080;1268;1244;649;168;1486;209;1564;403;545
10081;976;969;283;180;1121;361;1518;68;359
10082;1011;905;329;211;1132;244;1088;52;776
10083;1228;949;424;235;1271;247;1188;29;960
10084;809;773;228;145;943;266;1097;33;452
10085;1070;1000;341;182;1181;366;1369;50;651
10086;966;998;320;223;1044;377;1449;48;467
10087;841;888;231;180;913;405;1386;47;296
10088;785;837;196;179;941;306;1487;15;120
10089;1077;990;335;194;1214;324;1360;168;539
10090;670;742;183;147;791;291;1126;59;227
10091;953;1012;245;177;1073;470;1648;58;259
10092;707;790;95;133;939;330;1367;22;108
10093;544;544;89;90;653;256;1012;15;61
10094;1387;1403;538;145;1891;216;2119;284;387
10095;649;658;195;109;800;203;1079;84;144
10096;747;844;289;138;921;243;1370;82;139
10097;754;822;294;95;876;311;1380;76;120
10098;893;972;191;300;1119;255;1747;24;94
10099;537;576;157;129;640;187;1024;17;72
10100;742;855;225;118;845;409;1346;79;172
10101;770;735;226;125;923;231;1151;78;276
10102;1221;1332;325;200;1428;600;2206;64;283
10103;1035;1140;233;151;1176;615;1999;44;132
10104;804;854;135;196;1106;221;1572;25;61
10105;1050;1223;304;271;1260;438;2075;30;168
10106;475;529;115;65;517;307;903;18;83
10107;760;841;235;131;965;270;1474;58;69
10108;610;720;132;93;648;457;1223;34;73
10109;724;825;176;125;751;497;1331;35;183
10110;727;902;206;114;850;459;1466;23;140
10111;597;688;145;102;698;340;1118;32;135
10112;764;798;175;109;896;382;1444;29;89
10113;559;630;177;112;681;219;1022;29;138
10114;662;738;205;98;787;310;1197;38;165
10115;798;768;138;238;801;389;1198;54;314
10116;875;979;222;143;981;508;1532;81;241
10117;613;672;158;98;606;423;1133;41;111
10118;484;542;141;81;483;321;968;14;44
10119;524;608;105;77;606;344;999;18;115
10120;653;818;181;125;781;384;1189;57;225
10121;749;830;214;133;876;356;1325;53;201
10122;740;796;154;138;865;379;1434;19;83
10123;692;730;181;136;747;358;1253;37;132
10124;541;559;118;100;661;221;1014;16;70
10125;541;588;131;88;554;356;1014;10;105
10126;512;559;126;103;594;248;1000;9;62
10127;508;511;194;74;577;174;956;12;51
10128;741;847;157;130;858;443;1482;42;64
10129;589;624;119;132;742;220;1143;11;59
10130;552;639;131;80;636;344;1024;35;132
10131;546;649;106;119;678;292;1127;10;58
10132;593;677;167;98;616;389;1134;33;103
10133;793;923;190;132;844;550;1490;43;183
10134;681;839;184;97;688;551;1342;43;135
10135;589;642;157;103;619;352;1094;31;106
10136;667;702;151;100;624;494;1223;11;135
10137;757;815;176;149;822;425;1365;37;170
10138;739;812;216;154;873;308;1305;43;203
10139;794;836;178;124;889;439;1383;41;206
10140;734;837;211;147;829;384;1342;31;198
10141;514;583;135;103;537;322;993;12;92
10142;764;850;220;142;879;373;1372;34;208
10143;824;918;215;185;894;448;1470;25;247
10234;875;1012;190;173;1148;376;1682;46;159
10235;636;718;160;81;714;399;1172;68;114
10236;763;861;156;94;723;651;1445;51;128
10237;329;423;84;69;377;222;677;14;61
